PROCESS_ID,COMPONENT_ID,TRANSACTION_ID,SESSION_ID,EVENT_TIMESTAMP,EVENT_TYPE,DIVISION_ID,GROUP_ID,SUBSCRIBER_ID,SUBSCRIBER_TYPE,DEVICE_ID,PLAN_ID,NOTIFICATION_TYPE,NOTIFICATION_ADDRESS,USAGE,CHARGE_AMOUNT,
PROCESS_2,COMPONENT_3,1483246806760981.93,Gx.1483246806761074,2017/01/01 00:00:06.760981,FAIR_USAGE_POLICY,B25,BUSG_461,0255583520994098,BUS,4043494317,BUS_PLAN_X,EMAIL,0255583520994098@bus-example.com,762314752,72.700,
PROCESS_1,COMPONENT_2,1483246803007177.74,Gx.1483246803007251,2017/01/01 00:00:03.007177,FAIR_USAGE_POLICY,B25,REGG_502,0010914881468150,REG,3195646596,REG_PLAN_2,SMS,3195646596,435159040,41.500,
PROCESS_1,COMPONENT_1,1483246803298212.57,Gx.1483246803298269,2017/01/01 00:00:03.298212,FAIR_USAGE_POLICY,B25,VIPG_386,0002512160286130,VIP,2562009485,BUS_PLAN_1,SMS,2562009485,51380224,0.000,
PROCESS_1,COMPONENT_1,1483246801040847.61,Gx.1483246801040908,2017/01/01 00:00:01.040847,FAIR_USAGE_POLICY,B25,REGG_902,0004425155825582,REG,3210188774,REG_PLAN_1,EMAIL,0004425155825582@reg-example.com,9437184,0.900,
PROCESS_1,COMPONENT_1,1483246808211736.16,Gx.1483246808211752,2017/01/01 00:00:08.211736,FAIR_USAGE_POLICY,B25,REGG_477,0278693579419020,REG,2842770555,REG_PLAN_1,EMAIL,0278693579419020@reg-example.com,48234496,4.600,
PROCESS_1,COMPONENT_1,1483246805805287.94,Gx.1483246805805381,2017/01/01 00:00:05.805287,FAIR_USAGE_POLICY,B25,REGG_369,0167086845669572,REG,3308636233,REG_PLAN_2,EMAIL,0167086845669572@reg-example.com,511705088,48.800,
PROCESS_1,COMPONENT_1,1483246807666068.64,Gx.1483246807666132,2017/01/01 00:00:07.666068,FAIR_USAGE_POLICY,B25,REGG_461,0122043352731185,REG,1325955182,REG_PLAN_1,SMS,1325955182,5242880,0.500,
PROCESS_1,COMPONENT_4,1483246800377949.85,Gx.1483246800378034,2017/01/01 00:00:00.377949,FAIR_USAGE_POLICY,B25,REGG_146,0078574654686697,REG,1344302172,REG_PLAN_1,EMAIL,0078574654686697@reg-example.com,98566144,9.400,
PROCESS_2,COMPONENT_1,1483246804083943.79,Gx.1483246804084022,2017/01/01 00:00:04.083943,FAIR_USAGE_POLICY,B25,REGG_104,0027658335324431,REG,2724548940,REG_PLAN_X,SMS,2724548940,1008730112,96.200,
PROCESS_1,COMPONENT_3,1483246807814759.18,Gx.1483246807814777,2017/01/01 00:00:07.814759,FAIR_USAGE_POLICY,B25,BUSG_404,0141002148992121,BUS,4247481000,BUS_PLAN_X,EMAIL,0141002148992121@bus-example.com,33554432,3.200,
PROCESS_1,COMPONENT_2,1483246812966888.62,Gx.1483246812966950,2017/01/01 00:00:12.966888,FAIR_USAGE_POLICY,B25,BUSG_310,0090060997343082,BUS,3522791722,BUS_PLAN_1,EMAIL,0090060997343082@bus-example.com,7340032,0.700,
PROCESS_1,COMPONENT_2,1483246807480962.40,Gx.1483246807481002,2017/01/01 00:00:07.480962,FAIR_USAGE_POLICY,B25,REGG_362,0106558004024471,REG,3770872027,REG_PLAN_1,SMS,3770872027,28311552,2.700,
PROCESS_1,COMPONENT_1,1483246803353044.51,Gx.1483246803353095,2017/01/01 00:00:03.353044,FAIR_USAGE_POLICY,B25,BUSG_483,0002569013221799,BUS,4201722442,BUS_PLAN_1,EMAIL,0002569013221799@bus-example.com,40894464,3.900,
PROCESS_1,COMPONENT_2,1483246812427635.32,Gx.1483246812427667,2017/01/01 00:00:12.427635,FAIR_USAGE_POLICY,B25,REGG_256,0223092591300432,REG,3156068785,REG_PLAN_1,EMAIL,0223092591300432@reg-example.com,92274688,8.800,
PROCESS_2,COMPONENT_2,1483246810318033.17,Gx.1483246810318050,2017/01/01 00:00:10.318033,FAIR_USAGE_POLICY,B25,REGG_542,0273387437014311,REG,0226388055,REG_PLAN_1,EMAIL,0273387437014311@reg-example.com,94371840,9.000,
PROCESS_2,COMPONENT_1,1483246802859969.62,Gx.1483246802860031,2017/01/01 00:00:02.859969,FAIR_USAGE_POLICY,B25,REGG_347,0277326095360979,REG,0271823031,REG_PLAN_1,SMS,0271823031,101711872,9.700,
PROCESS_1,COMPONENT_1,1483246801584787.65,Gx.1483246801584852,2017/01/01 00:00:01.584787,FAIR_USAGE_POLICY,B25,REGG_418,0050201085909300,REG,1237563152,REG_PLAN_2,EMAIL,0050201085909300@reg-example.com,130023424,12.400,
PROCESS_1,COMPONENT_3,1483246810610074.75,Gx.1483246810610149,2017/01/01 00:00:10.610074,FAIR_USAGE_POLICY,B25,REGG_131,0212893568535196,REG,3342612883,REG_PLAN_1,SMS,3342612883,2097152,0.200,
PROCESS_1,COMPONENT_2,1483246809583512.35,Gx.1483246809583547,2017/01/01 00:00:09.583512,FAIR_USAGE_POLICY,B25,REGG_197,0251557133405964,REG,1840439754,REG_PLAN_1,EMAIL,0251557133405964@reg-example.com,30408704,2.900,
PROCESS_1,COMPONENT_1,1483246812670136.61,Gx.1483246812670197,2017/01/01 00:00:12.670136,FAIR_USAGE_POLICY,B25,REGG_495,0242141187511274,REG,1875735967,REG_PLAN_1,EMAIL,0242141187511274@reg-example.com,72351744,6.900,
PROCESS_1,COMPONENT_2,1483246805898609.95,Gx.1483246805898704,2017/01/01 00:00:05.898609,FAIR_USAGE_POLICY,B25,REGG_216,0118416508192141,REG,0492244953,REG_PLAN_2,SMS,0492244953,216006656,20.600,
PROCESS_1,COMPONENT_1,1483246805018939.14,Gx.1483246805018953,2017/01/01 00:00:05.018939,FAIR_USAGE_POLICY,B25,REGG_614,0036596003963486,REG,3031608935,REG_PLAN_1,EMAIL,0036596003963486@reg-example.com,47185920,4.500,
PROCESS_1,COMPONENT_3,1483246807092571.22,Gx.1483246807092593,2017/01/01 00:00:07.092571,FAIR_USAGE_POLICY,B25,REGG_399,0021822587279751,REG,4019173202,REG_PLAN_2,SMS,4019173202,90177536,8.600,
PROCESS_2,COMPONENT_2,1483246811011193.11,Gx.1483246811011204,2017/01/01 00:00:11.011193,FAIR_USAGE_POLICY,B25,BUSG_376,0240288966693931,BUS,1770326975,BUS_PLAN_1,EMAIL,0240288966693931@bus-example.com,32505856,3.100,
PROCESS_1,COMPONENT_2,1483246803866445.10,Gx.1483246803866455,2017/01/01 00:00:03.866445,FAIR_USAGE_POLICY,B25,REGG_358,0014486963766783,REG,2517914755,REG_PLAN_X,EMAIL,0014486963766783@reg-example.com,877658112,83.700,
PROCESS_1,COMPONENT_4,1483246806315133.58,Gx.1483246806315191,2017/01/01 00:00:06.315133,FAIR_USAGE_POLICY,B25,VIPG_438,0051560951164044,VIP,0404217446,BUS_PLAN_1,EMAIL,0051560951164044@vip-example.com,100663296,0.000,
PROCESS_2,COMPONENT_4,1483246811634451.01,Gx.1483246811634452,2017/01/01 00:00:11.634451,FAIR_USAGE_POLICY,B25,REGG_502,0224619212616505,REG,3394998347,REG_PLAN_X,EMAIL,0224619212616505@reg-example.com,248512512,23.700,
PROCESS_1,COMPONENT_2,1483246805257458.88,Gx.1483246805257546,2017/01/01 00:00:05.257458,FAIR_USAGE_POLICY,B25,NONE,0112476119334820,REG,0022395358,REG_PLAN_2,EMAIL,0112476119334820@reg-example.com,239075328,22.800,
PROCESS_2,COMPONENT_1,1483246801426845.11,Gx.1483246801426856,2017/01/01 00:00:01.426845,FAIR_USAGE_POLICY,B25,REGG_146,0087565573096411,REG,0741201328,REG_PLAN_2,SMS,0741201328,284164096,27.100,
PROCESS_2,COMPONENT_2,1483246813801738.19,Gx.1483246813801757,2017/01/01 00:00:13.801738,FAIR_USAGE_POLICY,B25,REGG_517,0258756752818750,REG,2701313209,REG_PLAN_1,EMAIL,0258756752818750@reg-example.com,97517568,9.300,
PROCESS_2,COMPONENT_1,1483246807807787.25,Gx.1483246807807812,2017/01/01 00:00:07.807787,FAIR_USAGE_POLICY,B25,BUSG_554,0009866824725460,BUS,0495959088,BUS_PLAN_1,EMAIL,0009866824725460@bus-example.com,67108864,6.400,
PROCESS_1,COMPONENT_1,1483246812277186.83,Gx.1483246812277269,2017/01/01 00:00:12.277186,FAIR_USAGE_POLICY,B25,REGG_366,0107853521214858,REG,4284831473,REG_PLAN_1,EMAIL,0107853521214858@reg-example.com,28311552,2.700,
PROCESS_1,COMPONENT_1,1483246813482195.68,Gx.1483246813482263,2017/01/01 00:00:13.482195,FAIR_USAGE_POLICY,B25,EMPG_191,0165237014585912,EMP,3083863872,BUS_PLAN_2,EMAIL,0165237014585912@emp-example.com,516947968,0.000,
PROCESS_1,COMPONENT_3,1483246810596064.01,Gx.1483246810596065,2017/01/01 00:00:10.596064,FAIR_USAGE_POLICY,B25,REGG_788,0053398232013714,REG,4286148714,REG_PLAN_1,EMAIL,0053398232013714@reg-example.com,59768832,5.700,
PROCESS_2,COMPONENT_2,1483246813394771.48,Gx.1483246813394819,2017/01/01 00:00:13.394771,FAIR_USAGE_POLICY,B25,REGG_253,0220846611637937,REG,1669718792,REG_PLAN_X,SMS,1669718792,313524224,29.900,
PROCESS_1,COMPONENT_1,1483246813487932.99,Gx.1483246813488031,2017/01/01 00:00:13.487932,FAIR_USAGE_POLICY,B25,REGG_443,0233009323803884,REG,3045492461,REG_PLAN_1,EMAIL,0233009323803884@reg-example.com,83886080,8.000,
PROCESS_2,COMPONENT_2,1483246805088936.60,Gx.1483246805088996,2017/01/01 00:00:05.088936,FAIR_USAGE_POLICY,B25,EMPG_276,0182506220472693,EMP,1259686727,BUS_PLAN_2,EMAIL,0182506220472693@emp-example.com,415236096,0.000,
PROCESS_2,COMPONENT_4,1483246813598524.37,Gx.1483246813598561,2017/01/01 00:00:13.598524,FAIR_USAGE_POLICY,B25,BUSG_178,0258117772431957,BUS,2966589440,BUS_PLAN_1,EMAIL,0258117772431957@bus-example.com,33554432,3.200,
PROCESS_1,COMPONENT_4,1483246813760767.88,Gx.1483246813760855,2017/01/01 00:00:13.760767,FAIR_USAGE_POLICY,B25,REGG_105,0176715781090916,REG,2237241875,REG_PLAN_1,EMAIL,0176715781090916@reg-example.com,52428800,5.000,
PROCESS_1,COMPONENT_2,1483246804098349.56,Gx.1483246804098405,2017/01/01 00:00:04.098349,FAIR_USAGE_POLICY,B25,BUSG_244,0157262965127147,BUS,3704442690,BUS_PLAN_2,EMAIL,0157262965127147@bus-example.com,207618048,19.800,
PROCESS_1,COMPONENT_1,1483246811099882.69,Gx.1483246811099951,2017/01/01 00:00:11.099882,FAIR_USAGE_POLICY,B25,EMPG_581,0094790791845779,EMP,1977711361,BUS_PLAN_2,SMS,1977711361,269484032,0.000,
PROCESS_2,COMPONENT_1,1483246809219205.10,Gx.1483246809219215,2017/01/01 00:00:09.219205,FAIR_USAGE_POLICY,B25,REGG_527,0012917272812726,REG,1649328534,REG_PLAN_1,EMAIL,0012917272812726@reg-example.com,61865984,5.900,
PROCESS_1,COMPONENT_2,1483246805661802.49,Gx.1483246805661851,2017/01/01 00:00:05.661802,FAIR_USAGE_POLICY,B25,EMPG_288,0101230845932645,EMP,4001202026,BUS_PLAN_1,EMAIL,0101230845932645@emp-example.com,15728640,0.000,
PROCESS_1,COMPONENT_2,1483246804810301.15,Gx.1483246804810316,2017/01/01 00:00:04.810301,FAIR_USAGE_POLICY,B25,REGG_561,0068945447573845,REG,2512991786,REG_PLAN_2,EMAIL,0068945447573845@reg-example.com,101711872,9.700,
PROCESS_1,COMPONENT_1,1483246807504829.48,Gx.1483246807504877,2017/01/01 00:00:07.504829,FAIR_USAGE_POLICY,B25,REGG_439,0252612965797122,REG,1465034559,REG_PLAN_1,EMAIL,0252612965797122@reg-example.com,35651584,3.400,
PROCESS_1,COMPONENT_3,1483246806200547.56,Gx.1483246806200603,2017/01/01 00:00:06.200547,FAIR_USAGE_POLICY,B25,REGG_357,0126230800788660,REG,3333134524,REG_PLAN_1,EMAIL,0126230800788660@reg-example.com,14680064,1.400,
PROCESS_1,COMPONENT_2,1483246807977726.01,Gx.1483246807977727,2017/01/01 00:00:07.977726,FAIR_USAGE_POLICY,B25,REGG_462,0068539592795683,REG,0879963973,REG_PLAN_2,EMAIL,0068539592795683@reg-example.com,357564416,34.100,
PROCESS_1,COMPONENT_2,1483246801211935.77,Gx.1483246801212012,2017/01/01 00:00:01.211935,FAIR_USAGE_POLICY,B25,REGG_157,0097567973908996,REG,3832522244,REG_PLAN_1,SMS,3832522244,12582912,1.200,
PROCESS_1,COMPONENT_2,1483246811436014.47,Gx.1483246811436061,2017/01/01 00:00:11.436014,FAIR_USAGE_POLICY,B25,REGG_397,0041617194998303,REG,2689053811,REG_PLAN_1,EMAIL,0041617194998303@reg-example.com,36700160,3.500,
PROCESS_2,COMPONENT_1,1483246810517329.21,Gx.1483246810517350,2017/01/01 00:00:10.517329,FAIR_USAGE_POLICY,B25,REGG_326,0199351947735843,REG,1967014893,REG_PLAN_1,EMAIL,0199351947735843@reg-example.com,5242880,0.500,
PROCESS_2,COMPONENT_2,1483246804999442.93,Gx.1483246804999535,2017/01/01 00:00:04.999442,FAIR_USAGE_POLICY,B25,EMPG_146,0268808365197472,EMP,2172358704,BUS_PLAN_1,SMS,2172358704,48234496,0.000,
PROCESS_1,COMPONENT_2,1483246805638013.20,Gx.1483246805638033,2017/01/01 00:00:05.638013,FAIR_USAGE_POLICY,B25,REGG_432,0023922117011340,REG,1420760225,REG_PLAN_2,EMAIL,0023922117011340@reg-example.com,136314880,13.000,
PROCESS_2,COMPONENT_3,1483246813475341.18,Gx.1483246813475359,2017/01/01 00:00:13.475341,FAIR_USAGE_POLICY,B25,VIPG_392,0097788167531972,VIP,0205414073,BUS_PLAN_2,EMAIL,0097788167531972@vip-example.com,363855872,0.000,
PROCESS_1,COMPONENT_1,1483246809620016.07,Gx.1483246809620023,2017/01/01 00:00:09.620016,FAIR_USAGE_POLICY,B25,REGG_225,0005968254886510,REG,1625229307,REG_PLAN_1,EMAIL,0005968254886510@reg-example.com,103809024,9.900,
PROCESS_1,COMPONENT_1,1483246813448661.49,Gx.1483246813448710,2017/01/01 00:00:13.448661,FAIR_USAGE_POLICY,B25,BUSG_161,0233785763731697,BUS,2815338971,BUS_PLAN_2,SMS,2815338971,419430400,40.000,
PROCESS_1,COMPONENT_2,1483246804996498.97,Gx.1483246804996595,2017/01/01 00:00:04.996498,FAIR_USAGE_POLICY,B25,REGG_619,0018601035823631,REG,0739692970,REG_PLAN_1,EMAIL,0018601035823631@reg-example.com,93323264,8.900,
PROCESS_2,COMPONENT_3,1483246802517163.13,Gx.1483246802517176,2017/01/01 00:00:02.517163,FAIR_USAGE_POLICY,B25,REGG_275,0042506578179084,REG,0630889903,REG_PLAN_1,EMAIL,0042506578179084@reg-example.com,14680064,1.400,
PROCESS_1,COMPONENT_3,1483246803552942.06,Gx.1483246803552948,2017/01/01 00:00:03.552942,FAIR_USAGE_POLICY,B25,REGG_438,0096758316363114,REG,3219639060,REG_PLAN_1,SMS,3219639060,90177536,8.600,
PROCESS_2,COMPONENT_1,1483246804943754.08,Gx.1483246804943762,2017/01/01 00:00:04.943754,FAIR_USAGE_POLICY,B25,NONE,0223874220102541,BUS,3889236854,BUS_PLAN_1,SMS,3889236854,10485760,1.000,
PROCESS_1,COMPONENT_1,1483246811049685.59,Gx.1483246811049744,2017/01/01 00:00:11.049685,FAIR_USAGE_POLICY,B25,EMPG_639,0192035760815461,EMP,1505678132,BUS_PLAN_1,EMAIL,0192035760815461@emp-example.com,26214400,0.000,
PROCESS_1,COMPONENT_1,1483246800272891.28,Gx.1483246800272919,2017/01/01 00:00:00.272891,FAIR_USAGE_POLICY,B25,REGG_469,0095873864683083,REG,3858031722,REG_PLAN_1,EMAIL,0095873864683083@reg-example.com,44040192,4.200,
PROCESS_1,COMPONENT_3,1483246803240666.72,Gx.1483246803240738,2017/01/01 00:00:03.240666,FAIR_USAGE_POLICY,B25,VIPG_595,0014571722009026,VIP,4167287976,BUS_PLAN_1,EMAIL,0014571722009026@vip-example.com,68157440,0.000,
PROCESS_1,COMPONENT_1,1483246801265338.79,Gx.1483246801265417,2017/01/01 00:00:01.265338,FAIR_USAGE_POLICY,B25,REGG_292,0092730270434531,REG,1383466097,REG_PLAN_X,SMS,1383466097,1048576000,100.000,
PROCESS_2,COMPONENT_4,1483246805692647.72,Gx.1483246805692719,2017/01/01 00:00:05.692647,FAIR_USAGE_POLICY,B25,REGG_387,0160478811015103,REG,3674856798,REG_PLAN_1,EMAIL,0160478811015103@reg-example.com,93323264,8.900,
PROCESS_1,COMPONENT_4,1483246803248818.77,Gx.1483246803248895,2017/01/01 00:00:03.248818,FAIR_USAGE_POLICY,B25,REGG_562,0085071413477998,REG,0212268094,REG_PLAN_1,EMAIL,0085071413477998@reg-example.com,49283072,4.700,
PROCESS_1,COMPONENT_1,1483246801732476.97,Gx.1483246801732573,2017/01/01 00:00:01.732476,FAIR_USAGE_POLICY,B25,REGG_164,0113620965862666,REG,0311828446,REG_PLAN_1,EMAIL,0113620965862666@reg-example.com,38797312,3.700,
PROCESS_2,COMPONENT_2,1483246809038423.83,Gx.1483246809038506,2017/01/01 00:00:09.038423,FAIR_USAGE_POLICY,B25,REGG_116,0182132626914961,REG,0061077775,REG_PLAN_1,EMAIL,0182132626914961@reg-example.com,33554432,3.200,
PROCESS_1,COMPONENT_1,1483246801286761.15,Gx.1483246801286776,2017/01/01 00:00:01.286761,FAIR_USAGE_POLICY,B25,BUSG_182,0105064420402730,BUS,0172816463,BUS_PLAN_1,EMAIL,0105064420402730@bus-example.com,78643200,7.500,
PROCESS_1,COMPONENT_1,1483246809331719.45,Gx.1483246809331764,2017/01/01 00:00:09.331719,FAIR_USAGE_POLICY,B25,BUSG_368,0020276465195810,BUS,3386220889,BUS_PLAN_1,EMAIL,0020276465195810@bus-example.com,15728640,1.500,
PROCESS_2,COMPONENT_1,1483246808511619.63,Gx.1483246808511682,2017/01/01 00:00:08.511619,FAIR_USAGE_POLICY,B25,EMPG_733,0256937429666423,EMP,3161525865,BUS_PLAN_1,EMAIL,0256937429666423@emp-example.com,1048576,0.000,
PROCESS_1,COMPONENT_2,1483246805363052.70,Gx.1483246805363122,2017/01/01 00:00:05.363052,FAIR_USAGE_POLICY,B25,REGG_317,0186553883295186,REG,2374247038,REG_PLAN_2,EMAIL,0186553883295186@reg-example.com,521142272,49.700,
PROCESS_1,COMPONENT_5,1483246808086691.40,Gx.1483246808086731,2017/01/01 00:00:08.086691,FAIR_USAGE_POLICY,B25,NONE,0182279013867343,BUS,2668390656,BUS_PLAN_1,EMAIL,0182279013867343@bus-example.com,19922944,1.900,
PROCESS_1,COMPONENT_3,1483246812507308.95,Gx.1483246812507403,2017/01/01 00:00:12.507308,FAIR_USAGE_POLICY,B25,REGG_650,0024476738961235,REG,3429813605,REG_PLAN_2,EMAIL,0024476738961235@reg-example.com,448790528,42.800,
PROCESS_2,COMPONENT_3,1483246805351328.14,Gx.1483246805351342,2017/01/01 00:00:05.351328,FAIR_USAGE_POLICY,B25,BUSG_532,0153705357378620,BUS,2196806445,BUS_PLAN_1,EMAIL,0153705357378620@bus-example.com,80740352,7.700,
PROCESS_2,COMPONENT_2,1483246811865553.60,Gx.1483246811865613,2017/01/01 00:00:11.865553,FAIR_USAGE_POLICY,B25,VIPG_366,0146746870781396,VIP,2766332305,BUS_PLAN_2,SMS,2766332305,159383552,0.000,
PROCESS_1,COMPONENT_2,1483246805277641.07,Gx.1483246805277648,2017/01/01 00:00:05.277641,FAIR_USAGE_POLICY,B25,REGG_302,0155508158377232,REG,0630755672,REG_PLAN_2,EMAIL,0155508158377232@reg-example.com,76546048,7.300,
PROCESS_1,COMPONENT_3,1483246805684612.86,Gx.1483246805684698,2017/01/01 00:00:05.684612,FAIR_USAGE_POLICY,B25,BUSG_571,0187425264527113,BUS,1482515910,BUS_PLAN_1,SMS,1482515910,90177536,8.600,
PROCESS_1,COMPONENT_1,1483246804725397.47,Gx.1483246804725444,2017/01/01 00:00:04.725397,FAIR_USAGE_POLICY,B25,REGG_136,0122221529209836,REG,3099930926,REG_PLAN_2,EMAIL,0122221529209836@reg-example.com,412090368,39.300,
PROCESS_1,COMPONENT_3,1483246803470287.89,Gx.1483246803470376,2017/01/01 00:00:03.470287,FAIR_USAGE_POLICY,B25,REGG_193,0187339305363570,REG,2201992440,REG_PLAN_2,EMAIL,0187339305363570@reg-example.com,93323264,8.900,
PROCESS_2,COMPONENT_1,1483246802704805.52,Gx.1483246802704857,2017/01/01 00:00:02.704805,FAIR_USAGE_POLICY,B25,BUSG_239,0267295025003346,BUS,2629630155,BUS_PLAN_1,SMS,2629630155,48234496,4.600,
PROCESS_1,COMPONENT_1,1483246800098236.69,Gx.1483246800098305,2017/01/01 00:00:00.098236,FAIR_USAGE_POLICY,B25,REGG_252,0271883124573541,REG,4214762001,REG_PLAN_X,EMAIL,0271883124573541@reg-example.com,157286400,15.000,
PROCESS_2,COMPONENT_1,1483246800602903.45,Gx.1483246800602948,2017/01/01 00:00:00.602903,FAIR_USAGE_POLICY,B25,VIPG_366,0087024443680746,VIP,1024558341,BUS_PLAN_2,SMS,1024558341,499122176,0.000,
PROCESS_1,COMPONENT_1,1483246805499493.91,Gx.1483246805499584,2017/01/01 00:00:05.499493,FAIR_USAGE_POLICY,B25,REGG_120,0158063843651721,REG,1050807346,REG_PLAN_1,SMS,1050807346,77594624,7.400,
PROCESS_1,COMPONENT_2,1483246809217213.60,Gx.1483246809217273,2017/01/01 00:00:09.217213,FAIR_USAGE_POLICY,B25,BUSG_372,0175667026092089,BUS,2074933301,BUS_PLAN_2,EMAIL,0175667026092089@bus-example.com,76546048,7.300,
PROCESS_1,COMPONENT_1,1483246811210755.72,Gx.1483246811210827,2017/01/01 00:00:11.210755,FAIR_USAGE_POLICY,B25,NONE,0102836062667402,BUS,3267231921,BUS_PLAN_2,EMAIL,0102836062667402@bus-example.com,276824064,26.400,
PROCESS_1,COMPONENT_4,1483246800719008.35,Gx.1483246800719043,2017/01/01 00:00:00.719008,FAIR_USAGE_POLICY,B25,REGG_991,0053090210086876,REG,3893005509,REG_PLAN_2,EMAIL,0053090210086876@reg-example.com,373293056,35.600,
PROCESS_2,COMPONENT_1,1483246802622915.29,Gx.1483246802622944,2017/01/01 00:00:02.622915,FAIR_USAGE_POLICY,B25,REGG_597,0089843604650819,REG,0054631866,REG_PLAN_1,EMAIL,0089843604650819@reg-example.com,25165824,2.400,
PROCESS_1,COMPONENT_4,1483246809792599.27,Gx.1483246809792626,2017/01/01 00:00:09.792599,FAIR_USAGE_POLICY,B25,REGG_320,0100468914251889,REG,2176542832,REG_PLAN_2,EMAIL,0100468914251889@reg-example.com,413138944,39.400,
PROCESS_2,COMPONENT_4,1483246803298944.36,Gx.1483246803298980,2017/01/01 00:00:03.298944,FAIR_USAGE_POLICY,B25,REGG_373,0072871292819956,REG,1893137835,REG_PLAN_2,EMAIL,0072871292819956@reg-example.com,384827392,36.700,
PROCESS_2,COMPONENT_2,1483246805311133.37,Gx.1483246805311170,2017/01/01 00:00:05.311133,FAIR_USAGE_POLICY,B25,NONE,0090532417413596,REG,2250539681,REG_PLAN_1,EMAIL,0090532417413596@reg-example.com,49283072,4.700,
PROCESS_2,COMPONENT_1,1483246805638109.53,Gx.1483246805638162,2017/01/01 00:00:05.638109,FAIR_USAGE_POLICY,B25,REGG_641,0216118934355803,REG,0787448553,REG_PLAN_1,EMAIL,0216118934355803@reg-example.com,10485760,1.000,
PROCESS_2,COMPONENT_3,1483246811343375.04,Gx.1483246811343379,2017/01/01 00:00:11.343375,FAIR_USAGE_POLICY,B25,VIPG_650,0254407360393696,VIP,4098590437,BUS_PLAN_1,EMAIL,0254407360393696@vip-example.com,89128960,0.000,
PROCESS_2,COMPONENT_1,1483246807862481.25,Gx.1483246807862506,2017/01/01 00:00:07.862481,FAIR_USAGE_POLICY,B25,VIPG_379,0134044910368636,VIP,4198344568,BUS_PLAN_1,EMAIL,0134044910368636@vip-example.com,101711872,0.000,
PROCESS_1,COMPONENT_2,1483246806115579.96,Gx.1483246806115675,2017/01/01 00:00:06.115579,FAIR_USAGE_POLICY,B25,EMPG_734,0196374736375402,EMP,1361792699,BUS_PLAN_1,EMAIL,0196374736375402@emp-example.com,84934656,0.000,
PROCESS_1,COMPONENT_1,1483246801637605.79,Gx.1483246801637684,2017/01/01 00:00:01.637605,FAIR_USAGE_POLICY,B25,REGG_405,0020338059454046,REG,2406759185,REG_PLAN_2,SMS,2406759185,492830720,47.000,
PROCESS_1,COMPONENT_2,1483246810472622.91,Gx.1483246810472713,2017/01/01 00:00:10.472622,FAIR_USAGE_POLICY,B25,BUSG_375,0102139090576019,BUS,1285257783,BUS_PLAN_1,SMS,1285257783,18874368,1.800,
PROCESS_1,COMPONENT_1,1483246810836551.76,Gx.1483246810836627,2017/01/01 00:00:10.836551,FAIR_USAGE_POLICY,B25,REGG_621,0080894696234334,REG,1645481517,REG_PLAN_1,EMAIL,0080894696234334@reg-example.com,20971520,2.000,
PROCESS_2,COMPONENT_4,1483246806487174.52,Gx.1483246806487226,2017/01/01 00:00:06.487174,FAIR_USAGE_POLICY,B25,REGG_589,0140169369369038,REG,1457063414,REG_PLAN_1,EMAIL,0140169369369038@reg-example.com,16777216,1.600,
PROCESS_2,COMPONENT_4,1483246812812913.33,Gx.1483246812812946,2017/01/01 00:00:12.812913,FAIR_USAGE_POLICY,B25,REGG_592,0263878208773208,REG,3231625368,REG_PLAN_2,EMAIL,0263878208773208@reg-example.com,32505856,3.100,
PROCESS_2,COMPONENT_3,1483246801696872.78,Gx.1483246801696950,2017/01/01 00:00:01.696872,FAIR_USAGE_POLICY,B25,BUSG_493,0053144439186211,BUS,3683248689,BUS_PLAN_1,EMAIL,0053144439186211@bus-example.com,33554432,3.200,
PROCESS_1,COMPONENT_1,1483246800573762.13,Gx.1483246800573775,2017/01/01 00:00:00.573762,FAIR_USAGE_POLICY,B25,REGG_151,0198683287212507,REG,0088125435,REG_PLAN_1,EMAIL,0198683287212507@reg-example.com,5242880,0.500,
PROCESS_2,COMPONENT_3,1483246804530361.84,Gx.1483246804530445,2017/01/01 00:00:04.530361,FAIR_USAGE_POLICY,B25,REGG_256,0076744873182677,REG,4286411947,REG_PLAN_2,EMAIL,0076744873182677@reg-example.com,289406976,27.600,
PROCESS_1,COMPONENT_2,1483246813850301.40,Gx.1483246813850341,2017/01/01 00:00:13.850301,FAIR_USAGE_POLICY,B25,BUSG_600,0272384153754010,BUS,4210243788,BUS_PLAN_X,SMS,4210243788,894435328,85.300,
PROCESS_1,COMPONENT_4,1483246807669049.42,Gx.1483246807669091,2017/01/01 00:00:07.669049,FAIR_USAGE_POLICY,B25,VIPG_532,0224904410699682,VIP,1897510611,BUS_PLAN_1,EMAIL,0224904410699682@vip-example.com,2097152,0.000,
PROCESS_1,COMPONENT_4,1483246808212501.15,Gx.1483246808212516,2017/01/01 00:00:08.212501,FAIR_USAGE_POLICY,B25,EMPG_347,0093654470275918,EMP,2997125241,BUS_PLAN_1,SMS,2997125241,68157440,0.000,
PROCESS_1,COMPONENT_2,1483246807776301.26,Gx.1483246807776327,2017/01/01 00:00:07.776301,FAIR_USAGE_POLICY,B25,NONE,0088867622037161,BUS,4079878916,BUS_PLAN_1,SMS,4079878916,49283072,4.700,
PROCESS_2,COMPONENT_3,1483246812493617.88,Gx.1483246812493705,2017/01/01 00:00:12.493617,FAIR_USAGE_POLICY,B25,NONE,0142739677251765,REG,1508718955,REG_PLAN_2,SMS,1508718955,54525952,5.200,
PROCESS_1,COMPONENT_3,1483246806990697.59,Gx.1483246806990756,2017/01/01 00:00:06.990697,FAIR_USAGE_POLICY,B25,VIPG_359,0046707689676607,VIP,0577697180,BUS_PLAN_1,SMS,0577697180,52428800,0.000,
PROCESS_1,COMPONENT_1,1483246807258459.44,Gx.1483246807258503,2017/01/01 00:00:07.258459,FAIR_USAGE_POLICY,B25,BUSG_495,0078544179290440,BUS,1732016163,BUS_PLAN_2,EMAIL,0078544179290440@bus-example.com,370147328,35.300,
PROCESS_1,COMPONENT_5,1483246805945341.51,Gx.1483246805945392,2017/01/01 00:00:05.945341,FAIR_USAGE_POLICY,B25,BUSG_172,0181069588102834,BUS,2647744956,BUS_PLAN_2,EMAIL,0181069588102834@bus-example.com,130023424,12.400,
PROCESS_2,COMPONENT_2,1483246804940856.22,Gx.1483246804940878,2017/01/01 00:00:04.940856,FAIR_USAGE_POLICY,B25,BUSG_240,0235547703361594,BUS,3463894402,BUS_PLAN_2,EMAIL,0235547703361594@bus-example.com,298844160,28.500,
PROCESS_1,COMPONENT_5,1483246801876196.06,Gx.1483246801876202,2017/01/01 00:00:01.876196,FAIR_USAGE_POLICY,B25,REGG_218,0052518841067641,REG,0385473068,REG_PLAN_1,EMAIL,0052518841067641@reg-example.com,30408704,2.900,
PROCESS_1,COMPONENT_2,1483246802023311.96,Gx.1483246802023407,2017/01/01 00:00:02.023311,FAIR_USAGE_POLICY,B25,REGG_162,0137804797804045,REG,2123481636,REG_PLAN_1,EMAIL,0137804797804045@reg-example.com,4194304,0.400,
PROCESS_1,COMPONENT_2,1483246810592787.64,Gx.1483246810592851,2017/01/01 00:00:10.592787,FAIR_USAGE_POLICY,B25,REGG_259,0066200626044364,REG,1861832672,REG_PLAN_X,EMAIL,0066200626044364@reg-example.com,224395264,21.400,
PROCESS_1,COMPONENT_3,1483246811314872.99,Gx.1483246811314971,2017/01/01 00:00:11.314872,FAIR_USAGE_POLICY,B25,REGG_556,0018638313728227,REG,0086216335,REG_PLAN_1,EMAIL,0018638313728227@reg-example.com,36700160,3.500,
PROCESS_2,COMPONENT_1,1483246800677451.43,Gx.1483246800677494,2017/01/01 00:00:00.677451,FAIR_USAGE_POLICY,B25,REGG_301,0209104189536362,REG,2744146477,REG_PLAN_1,EMAIL,0209104189536362@reg-example.com,16777216,1.600,
PROCESS_1,COMPONENT_5,1483246805209675.93,Gx.1483246805209768,2017/01/01 00:00:05.209675,FAIR_USAGE_POLICY,B25,REGG_425,0280942643627303,REG,0010794828,REG_PLAN_1,EMAIL,0280942643627303@reg-example.com,101711872,9.700,
PROCESS_2,COMPONENT_3,1483246811264739.45,Gx.1483246811264784,2017/01/01 00:00:11.264739,FAIR_USAGE_POLICY,B25,REGG_394,0201597319974740,REG,1855528984,REG_PLAN_1,EMAIL,0201597319974740@reg-example.com,83886080,8.000,
PROCESS_2,COMPONENT_1,1483246800564942.85,Gx.1483246800565027,2017/01/01 00:00:00.564942,FAIR_USAGE_POLICY,B25,BUSG_356,0017510839549003,BUS,0573347828,BUS_PLAN_1,EMAIL,0017510839549003@bus-example.com,57671680,5.500,
PROCESS_2,COMPONENT_4,1483246808883292.80,Gx.1483246808883372,2017/01/01 00:00:08.883292,FAIR_USAGE_POLICY,B25,BUSG_218,0085059304244928,BUS,2966773593,BUS_PLAN_1,EMAIL,0085059304244928@bus-example.com,67108864,6.400,
PROCESS_1,COMPONENT_5,1483246811729029.34,Gx.1483246811729063,2017/01/01 00:00:11.729029,FAIR_USAGE_POLICY,B25,REGG_972,0269277185518790,REG,1267191910,REG_PLAN_1,EMAIL,0269277185518790@reg-example.com,7340032,0.700,
PROCESS_1,COMPONENT_1,1483246813440371.57,Gx.1483246813440428,2017/01/01 00:00:13.440371,FAIR_USAGE_POLICY,B25,REGG_248,0083247066091964,REG,0334992160,REG_PLAN_X,EMAIL,0083247066091964@reg-example.com,1032847360,98.500,
PROCESS_2,COMPONENT_4,1483246801403148.90,Gx.1483246801403238,2017/01/01 00:00:01.403148,FAIR_USAGE_POLICY,B25,REGG_522,0124444567547552,REG,0498585695,REG_PLAN_2,EMAIL,0124444567547552@reg-example.com,365953024,34.900,
PROCESS_1,COMPONENT_2,1483246803017819.30,Gx.1483246803017849,2017/01/01 00:00:03.017819,FAIR_USAGE_POLICY,B25,REGG_176,0005990945441745,REG,0157818188,REG_PLAN_1,EMAIL,0005990945441745@reg-example.com,23068672,2.200,
PROCESS_1,COMPONENT_1,1483246809392779.56,Gx.1483246809392835,2017/01/01 00:00:09.392779,FAIR_USAGE_POLICY,B25,REGG_628,0017733156868239,REG,0225387034,REG_PLAN_1,EMAIL,0017733156868239@reg-example.com,10485760,1.000,
PROCESS_1,COMPONENT_1,1483246800131511.23,Gx.1483246800131534,2017/01/01 00:00:00.131511,FAIR_USAGE_POLICY,B25,BUSG_492,0095342424074253,BUS,3297339670,BUS_PLAN_1,EMAIL,0095342424074253@bus-example.com,55574528,5.300,
PROCESS_2,COMPONENT_1,1483246803938432.66,Gx.1483246803938498,2017/01/01 00:00:03.938432,FAIR_USAGE_POLICY,B25,REGG_570,0098081861085987,REG,3653199220,REG_PLAN_1,SMS,3653199220,72351744,6.900,
PROCESS_1,COMPONENT_3,1483246811824062.01,Gx.1483246811824063,2017/01/01 00:00:11.824062,FAIR_USAGE_POLICY,B25,REGG_198,0088369998565512,REG,1710561627,REG_PLAN_1,EMAIL,0088369998565512@reg-example.com,95420416,9.100,
PROCESS_1,COMPONENT_2,1483246801533664.33,Gx.1483246801533697,2017/01/01 00:00:01.533664,FAIR_USAGE_POLICY,B25,REGG_428,0183943937351082,REG,3039316265,REG_PLAN_1,EMAIL,0183943937351082@reg-example.com,95420416,9.100,
PROCESS_2,COMPONENT_5,1483246804740029.20,Gx.1483246804740049,2017/01/01 00:00:04.740029,FAIR_USAGE_POLICY,B25,REGG_512,0084894535688757,REG,1765769505,REG_PLAN_X,EMAIL,0084894535688757@reg-example.com,326107136,31.100,
PROCESS_1,COMPONENT_1,1483246806358356.12,Gx.1483246806358368,2017/01/01 00:00:06.358356,FAIR_USAGE_POLICY,B25,REGG_564,0164267107031854,REG,1550574502,REG_PLAN_1,SMS,1550574502,39845888,3.800,
PROCESS_1,COMPONENT_2,1483246806730728.95,Gx.1483246806730823,2017/01/01 00:00:06.730728,FAIR_USAGE_POLICY,B25,REGG_525,0091679938524291,REG,1631474013,REG_PLAN_2,SMS,1631474013,490733568,46.800,
PROCESS_1,COMPONENT_1,1483246813995614.16,Gx.1483246813995630,2017/01/01 00:00:13.995614,FAIR_USAGE_POLICY,B25,REGG_195,0054802489953547,REG,1046745879,REG_PLAN_X,EMAIL,0054802489953547@reg-example.com,145752064,13.900,
PROCESS_1,COMPONENT_2,1483246804187172.46,Gx.1483246804187218,2017/01/01 00:00:04.187172,FAIR_USAGE_POLICY,B25,REGG_394,0257783186329531,REG,2171162343,REG_PLAN_2,EMAIL,0257783186329531@reg-example.com,127926272,12.200,
PROCESS_1,COMPONENT_4,1483246813729948.38,Gx.1483246813729986,2017/01/01 00:00:13.729948,FAIR_USAGE_POLICY,B25,NONE,0020122247547446,REG,3537308743,REG_PLAN_X,EMAIL,0020122247547446@reg-example.com,741343232,70.700,
PROCESS_1,COMPONENT_2,1483246801713109.56,Gx.1483246801713165,2017/01/01 00:00:01.713109,FAIR_USAGE_POLICY,B25,REGG_195,0024850566115876,REG,1152682162,REG_PLAN_1,SMS,1152682162,84934656,8.100,
PROCESS_1,COMPONENT_1,1483246802993232.63,Gx.1483246802993295,2017/01/01 00:00:02.993232,FAIR_USAGE_POLICY,B25,REGG_623,0079926390229421,REG,2968498554,REG_PLAN_2,EMAIL,0079926390229421@reg-example.com,454033408,43.300,
PROCESS_1,COMPONENT_2,1483246801902738.25,Gx.1483246801902763,2017/01/01 00:00:01.902738,FAIR_USAGE_POLICY,B25,BUSG_514,0010914898983529,BUS,4024431593,BUS_PLAN_1,EMAIL,0010914898983529@bus-example.com,40894464,3.900,
PROCESS_1,COMPONENT_1,1483246800099061.74,Gx.1483246800099135,2017/01/01 00:00:00.099061,FAIR_USAGE_POLICY,B25,REGG_566,0201389939908619,REG,3134871611,REG_PLAN_1,EMAIL,0201389939908619@reg-example.com,20971520,2.000,
PROCESS_1,COMPONENT_1,1483246806857351.21,Gx.1483246806857372,2017/01/01 00:00:06.857351,FAIR_USAGE_POLICY,B25,REGG_605,0223638713625392,REG,1556540269,REG_PLAN_1,EMAIL,0223638713625392@reg-example.com,57671680,5.500,
PROCESS_1,COMPONENT_3,1483246812029876.95,Gx.1483246812029971,2017/01/01 00:00:12.029876,FAIR_USAGE_POLICY,B25,VIPG_545,0072917075424060,VIP,1117599121,BUS_PLAN_1,EMAIL,0072917075424060@vip-example.com,96468992,0.000,
PROCESS_1,COMPONENT_5,1483246811283978.26,Gx.1483246811284004,2017/01/01 00:00:11.283978,FAIR_USAGE_POLICY,B25,REGG_524,0211350745998775,REG,1564158338,REG_PLAN_2,EMAIL,0211350745998775@reg-example.com,265289728,25.300,
PROCESS_2,COMPONENT_1,1483246800823904.91,Gx.1483246800823995,2017/01/01 00:00:00.823904,FAIR_USAGE_POLICY,B25,BUSG_362,0041944619107118,BUS,2621184949,BUS_PLAN_1,EMAIL,0041944619107118@bus-example.com,100663296,9.600,
PROCESS_1,COMPONENT_1,1483246812957451.56,Gx.1483246812957507,2017/01/01 00:00:12.957451,FAIR_USAGE_POLICY,B25,REGG_468,0189701796241546,REG,1633229917,REG_PLAN_2,EMAIL,0189701796241546@reg-example.com,320864256,30.600,
PROCESS_1,COMPONENT_2,1483246806248509.58,Gx.1483246806248567,2017/01/01 00:00:06.248509,FAIR_USAGE_POLICY,B25,REGG_171,0006531594514949,REG,1568026962,REG_PLAN_1,SMS,1568026962,54525952,5.200,
PROCESS_2,COMPONENT_1,1483246802709461.18,Gx.1483246802709479,2017/01/01 00:00:02.709461,FAIR_USAGE_POLICY,B25,REGG_485,0253635666526986,REG,3878884814,REG_PLAN_1,EMAIL,0253635666526986@reg-example.com,58720256,5.600,
PROCESS_1,COMPONENT_2,1483246805635783.74,Gx.1483246805635857,2017/01/01 00:00:05.635783,FAIR_USAGE_POLICY,B25,REGG_512,0206515630786216,REG,3127550541,REG_PLAN_X,EMAIL,0206515630786216@reg-example.com,394264576,37.600,
PROCESS_1,COMPONENT_2,1483246808912669.11,Gx.1483246808912680,2017/01/01 00:00:08.912669,FAIR_USAGE_POLICY,B25,REGG_606,0023277495523539,REG,2361723515,REG_PLAN_1,SMS,2361723515,9437184,0.900,
PROCESS_1,COMPONENT_2,1483246804709597.45,Gx.1483246804709642,2017/01/01 00:00:04.709597,FAIR_USAGE_POLICY,B25,REGG_136,0007601183818039,REG,2881214925,REG_PLAN_1,EMAIL,0007601183818039@reg-example.com,71303168,6.800,
PROCESS_2,COMPONENT_1,1483246811493597.92,Gx.1483246811493689,2017/01/01 00:00:11.493597,FAIR_USAGE_POLICY,B25,NONE,0098009271258449,REG,3569688829,REG_PLAN_X,EMAIL,0098009271258449@reg-example.com,967835648,92.300,
PROCESS_1,COMPONENT_4,1483246809339286.34,Gx.1483246809339320,2017/01/01 00:00:09.339286,FAIR_USAGE_POLICY,B25,REGG_382,0223967315959661,REG,3807109569,REG_PLAN_X,EMAIL,0223967315959661@reg-example.com,38797312,3.700,
PROCESS_1,COMPONENT_2,1483246813818272.33,Gx.1483246813818305,2017/01/01 00:00:13.818272,FAIR_USAGE_POLICY,B25,REGG_562,0176037906309747,REG,3370282014,REG_PLAN_2,EMAIL,0176037906309747@reg-example.com,144703488,13.800,
PROCESS_2,COMPONENT_1,1483246803657793.68,Gx.1483246803657861,2017/01/01 00:00:03.657793,FAIR_USAGE_POLICY,B25,REGG_480,0168430395438556,REG,3895905052,REG_PLAN_2,EMAIL,0168430395438556@reg-example.com,422576128,40.300,
PROCESS_2,COMPONENT_4,1483246807252043.10,Gx.1483246807252053,2017/01/01 00:00:07.252043,FAIR_USAGE_POLICY,B25,VIPG_108,0001064233222473,VIP,3332814745,BUS_PLAN_1,EMAIL,0001064233222473@vip-example.com,39845888,0.000,
PROCESS_1,COMPONENT_1,1483246805925149.36,Gx.1483246805925185,2017/01/01 00:00:05.925149,FAIR_USAGE_POLICY,B25,REGG_121,0098477149705623,REG,1624683282,REG_PLAN_1,EMAIL,0098477149705623@reg-example.com,17825792,1.700,
PROCESS_2,COMPONENT_3,1483246813785685.87,Gx.1483246813785772,2017/01/01 00:00:13.785685,FAIR_USAGE_POLICY,B25,REGG_432,0230995421379362,REG,2429190868,REG_PLAN_1,SMS,2429190868,96468992,9.200,
PROCESS_2,COMPONENT_4,1483246803063514.38,Gx.1483246803063552,2017/01/01 00:00:03.063514,FAIR_USAGE_POLICY,B25,REGG_198,0247360693255762,REG,3211403747,REG_PLAN_1,EMAIL,0247360693255762@reg-example.com,85983232,8.200,
PROCESS_2,COMPONENT_2,1483246804043727.52,Gx.1483246804043779,2017/01/01 00:00:04.043727,FAIR_USAGE_POLICY,B25,REGG_392,0025474848923930,REG,1073088185,REG_PLAN_1,EMAIL,0025474848923930@reg-example.com,33554432,3.200,
PROCESS_1,COMPONENT_1,1483246805333589.33,Gx.1483246805333622,2017/01/01 00:00:05.333589,FAIR_USAGE_POLICY,B25,REGG_430,0270235437228754,REG,1003599267,REG_PLAN_1,EMAIL,0270235437228754@reg-example.com,68157440,6.500,
PROCESS_2,COMPONENT_3,1483246803111931.97,Gx.1483246803112028,2017/01/01 00:00:03.111931,FAIR_USAGE_POLICY,B25,REGG_371,0083360730239313,REG,3882788008,REG_PLAN_1,EMAIL,0083360730239313@reg-example.com,78643200,7.500,
PROCESS_2,COMPONENT_3,1483246812524058.82,Gx.1483246812524140,2017/01/01 00:00:12.524058,FAIR_USAGE_POLICY,B25,REGG_337,0003986494658186,REG,0407210393,REG_PLAN_1,EMAIL,0003986494658186@reg-example.com,85983232,8.200,
PROCESS_2,COMPONENT_1,1483246808382544.54,Gx.1483246808382598,2017/01/01 00:00:08.382544,FAIR_USAGE_POLICY,B25,VIPG_648,0115479909272441,VIP,2251943774,BUS_PLAN_2,EMAIL,0115479909272441@vip-example.com,317718528,0.000,
PROCESS_1,COMPONENT_2,1483246803655633.75,Gx.1483246803655708,2017/01/01 00:00:03.655633,FAIR_USAGE_POLICY,B25,REGG_584,0127986836111272,REG,1670447727,REG_PLAN_1,SMS,1670447727,103809024,9.900,
PROCESS_2,COMPONENT_1,1483246802046781.33,Gx.1483246802046814,2017/01/01 00:00:02.046781,FAIR_USAGE_POLICY,B25,REGG_308,0005474639605065,REG,3520096354,REG_PLAN_1,EMAIL,0005474639605065@reg-example.com,49283072,4.700,
PROCESS_2,COMPONENT_5,1483246807795446.16,Gx.1483246807795462,2017/01/01 00:00:07.795446,FAIR_USAGE_POLICY,B25,REGG_574,0005799801238576,REG,1156139254,REG_PLAN_1,EMAIL,0005799801238576@reg-example.com,1048576,0.100,
PROCESS_2,COMPONENT_1,1483246810196489.33,Gx.1483246810196522,2017/01/01 00:00:10.196489,FAIR_USAGE_POLICY,B25,EMPG_931,0190724140080086,EMP,1455409914,BUS_PLAN_1,EMAIL,0190724140080086@emp-example.com,98566144,0.000,
PROCESS_1,COMPONENT_1,1483246807290374.94,Gx.1483246807290468,2017/01/01 00:00:07.290374,FAIR_USAGE_POLICY,B25,REGG_936,0026998466425293,REG,1798964361,REG_PLAN_2,EMAIL,0026998466425293@reg-example.com,310378496,29.600,
PROCESS_1,COMPONENT_2,1483246805681911.05,Gx.1483246805681916,2017/01/01 00:00:05.681911,FAIR_USAGE_POLICY,B25,BUSG_228,0129340866165093,BUS,2044546273,BUS_PLAN_1,EMAIL,0129340866165093@bus-example.com,73400320,7.000,
PROCESS_1,COMPONENT_4,1483246809581378.78,Gx.1483246809581456,2017/01/01 00:00:09.581378,FAIR_USAGE_POLICY,B25,REGG_421,0157190165387882,REG,2833135988,REG_PLAN_2,EMAIL,0157190165387882@reg-example.com,176160768,16.800,
PROCESS_2,COMPONENT_2,1483246804843249.89,Gx.1483246804843338,2017/01/01 00:00:04.843249,FAIR_USAGE_POLICY,B25,REGG_153,0086226587612920,REG,0600335709,REG_PLAN_1,SMS,0600335709,89128960,8.500,
PROCESS_1,COMPONENT_1,1483246802663204.07,Gx.1483246802663211,2017/01/01 00:00:02.663204,FAIR_USAGE_POLICY,B25,REGG_177,0179488155002599,REG,1572155408,REG_PLAN_2,SMS,1572155408,477102080,45.500,
PROCESS_1,COMPONENT_4,1483246802892164.65,Gx.1483246802892229,2017/01/01 00:00:02.892164,FAIR_USAGE_POLICY,B25,BUSG_265,0054614244950605,BUS,2362666493,BUS_PLAN_1,EMAIL,0054614244950605@bus-example.com,81788928,7.800,
PROCESS_1,COMPONENT_4,1483246812826642.36,Gx.1483246812826678,2017/01/01 00:00:12.826642,FAIR_USAGE_POLICY,B25,REGG_360,0136417290587743,REG,2187390569,REG_PLAN_1,SMS,2187390569,38797312,3.700,
PROCESS_1,COMPONENT_1,1483246810976659.76,Gx.1483246810976735,2017/01/01 00:00:10.976659,FAIR_USAGE_POLICY,B25,REGG_332,0190094129011839,REG,3876133487,REG_PLAN_2,SMS,3876133487,420478976,40.100,
PROCESS_2,COMPONENT_1,1483246807523069.38,Gx.1483246807523107,2017/01/01 00:00:07.523069,FAIR_USAGE_POLICY,B25,NONE,0207634201782277,REG,4125787132,REG_PLAN_1,EMAIL,0207634201782277@reg-example.com,102760448,9.800,
PROCESS_2,COMPONENT_1,1483246808685219.09,Gx.1483246808685228,2017/01/01 00:00:08.685219,FAIR_USAGE_POLICY,B25,REGG_399,0032591252825878,REG,3920129598,REG_PLAN_1,EMAIL,0032591252825878@reg-example.com,29360128,2.800,
PROCESS_1,COMPONENT_1,1483246812735724.33,Gx.1483246812735757,2017/01/01 00:00:12.735724,FAIR_USAGE_POLICY,B25,VIPG_390,0051528746170233,VIP,1259135008,BUS_PLAN_1,EMAIL,0051528746170233@vip-example.com,82837504,0.000,
PROCESS_1,COMPONENT_1,1483246811770359.46,Gx.1483246811770405,2017/01/01 00:00:11.770359,FAIR_USAGE_POLICY,B25,REGG_388,0215634394836553,REG,4059659391,REG_PLAN_1,EMAIL,0215634394836553@reg-example.com,27262976,2.600,
PROCESS_2,COMPONENT_1,1483246813167921.90,Gx.1483246813168011,2017/01/01 00:00:13.167921,FAIR_USAGE_POLICY,B25,BUSG_234,0095356491910153,BUS,1896237125,BUS_PLAN_1,EMAIL,0095356491910153@bus-example.com,26214400,2.500,
PROCESS_1,COMPONENT_1,1483246808818883.66,Gx.1483246808818949,2017/01/01 00:00:08.818883,FAIR_USAGE_POLICY,B25,BUSG_532,0278329690249942,BUS,1135817905,BUS_PLAN_1,EMAIL,0278329690249942@bus-example.com,49283072,4.700,
PROCESS_1,COMPONENT_3,1483246810814161.23,Gx.1483246810814184,2017/01/01 00:00:10.814161,FAIR_USAGE_POLICY,B25,BUSG_104,0104537037702591,BUS,1439961667,BUS_PLAN_1,EMAIL,0104537037702591@bus-example.com,83886080,8.000,
PROCESS_1,COMPONENT_2,1483246811522717.17,Gx.1483246811522734,2017/01/01 00:00:11.522717,FAIR_USAGE_POLICY,B25,NONE,0040506709473552,REG,4251889113,REG_PLAN_X,EMAIL,0040506709473552@reg-example.com,849346560,81.000,
PROCESS_1,COMPONENT_1,1483246802316392.42,Gx.1483246802316434,2017/01/01 00:00:02.316392,FAIR_USAGE_POLICY,B25,VIPG_500,0032707711539400,VIP,1569222784,BUS_PLAN_1,EMAIL,0032707711539400@vip-example.com,88080384,0.000,
PROCESS_1,COMPONENT_1,1483246802244495.09,Gx.1483246802244504,2017/01/01 00:00:02.244495,FAIR_USAGE_POLICY,B25,REGG_510,0220196020802873,REG,3018596483,REG_PLAN_1,EMAIL,0220196020802873@reg-example.com,98566144,9.400,
PROCESS_1,COMPONENT_2,1483246810398771.50,Gx.1483246810398821,2017/01/01 00:00:10.398771,FAIR_USAGE_POLICY,B25,REGG_353,0036522340669652,REG,0075040361,REG_PLAN_2,SMS,0075040361,13631488,1.300,
PROCESS_1,COMPONENT_1,1483246807699208.20,Gx.1483246807699228,2017/01/01 00:00:07.699208,FAIR_USAGE_POLICY,B25,REGG_130,0184512101212865,REG,1927774983,REG_PLAN_1,EMAIL,0184512101212865@reg-example.com,23068672,2.200,
PROCESS_1,COMPONENT_2,1483246804907146.25,Gx.1483246804907171,2017/01/01 00:00:04.907146,FAIR_USAGE_POLICY,B25,REGG_586,0068136515447848,REG,0913602849,REG_PLAN_1,EMAIL,0068136515447848@reg-example.com,73400320,7.000,
PROCESS_1,COMPONENT_1,1483246805198947.55,Gx.1483246805199002,2017/01/01 00:00:05.198947,FAIR_USAGE_POLICY,B25,REGG_351,0023607883865895,REG,3320891783,REG_PLAN_1,EMAIL,0023607883865895@reg-example.com,57671680,5.500,
PROCESS_1,COMPONENT_2,1483246802158703.26,Gx.1483246802158729,2017/01/01 00:00:02.158703,FAIR_USAGE_POLICY,B25,NONE,0076593662340774,EMP,0996186251,BUS_PLAN_1,EMAIL,0076593662340774@emp-example.com,54525952,0.000,
PROCESS_1,COMPONENT_4,1483246801775175.79,Gx.1483246801775254,2017/01/01 00:00:01.775175,FAIR_USAGE_POLICY,B25,REGG_795,0182123789008275,REG,3804281763,REG_PLAN_1,EMAIL,0182123789008275@reg-example.com,10485760,1.000,
PROCESS_1,COMPONENT_1,1483246805612498.03,Gx.1483246805612501,2017/01/01 00:00:05.612498,FAIR_USAGE_POLICY,B25,BUSG_408,0205149201260519,BUS,3898181340,BUS_PLAN_1,EMAIL,0205149201260519@bus-example.com,44040192,4.200,
PROCESS_1,COMPONENT_2,1483246801829197.03,Gx.1483246801829200,2017/01/01 00:00:01.829197,FAIR_USAGE_POLICY,B25,REGG_146,0242324325661644,REG,4031972341,REG_PLAN_1,EMAIL,0242324325661644@reg-example.com,35651584,3.400,
PROCESS_1,COMPONENT_3,1483246810893541.82,Gx.1483246810893623,2017/01/01 00:00:10.893541,FAIR_USAGE_POLICY,B25,REGG_238,0188437753767694,REG,1297924798,REG_PLAN_1,EMAIL,0188437753767694@reg-example.com,12582912,1.200,
PROCESS_1,COMPONENT_3,1483246800185507.63,Gx.1483246800185570,2017/01/01 00:00:00.185507,FAIR_USAGE_POLICY,B25,VIPG_472,0053218146058479,VIP,0782717905,BUS_PLAN_1,EMAIL,0053218146058479@vip-example.com,103809024,0.000,
PROCESS_2,COMPONENT_3,1483246807602547.19,Gx.1483246807602566,2017/01/01 00:00:07.602547,FAIR_USAGE_POLICY,B25,BUSG_550,0261584281203992,BUS,2861686287,BUS_PLAN_1,EMAIL,0261584281203992@bus-example.com,101711872,9.700,
PROCESS_1,COMPONENT_1,1483246812930285.63,Gx.1483246812930348,2017/01/01 00:00:12.930285,FAIR_USAGE_POLICY,B25,REGG_494,0265250980988886,REG,3362168121,REG_PLAN_1,EMAIL,0265250980988886@reg-example.com,13631488,1.300,
PROCESS_2,COMPONENT_3,1483246808142398.99,Gx.1483246808142497,2017/01/01 00:00:08.142398,FAIR_USAGE_POLICY,B25,REGG_209,0078929959145193,REG,0556818675,REG_PLAN_X,SMS,0556818675,81788928,7.800,
PROCESS_1,COMPONENT_1,1483246809307223.38,Gx.1483246809307261,2017/01/01 00:00:09.307223,FAIR_USAGE_POLICY,B25,BUSG_235,0223764943383609,BUS,1467365252,BUS_PLAN_1,SMS,1467365252,74448896,7.100,
PROCESS_1,COMPONENT_3,1483246809101138.59,Gx.1483246809101197,2017/01/01 00:00:09.101138,FAIR_USAGE_POLICY,B25,REGG_569,0113219633591315,REG,3360076660,REG_PLAN_1,EMAIL,0113219633591315@reg-example.com,58720256,5.600,
PROCESS_2,COMPONENT_2,1483246801409789.76,Gx.1483246801409865,2017/01/01 00:00:01.409789,FAIR_USAGE_POLICY,B25,REGG_344,0078540365115626,REG,1381742039,REG_PLAN_2,SMS,1381742039,45088768,4.300,
PROCESS_2,COMPONENT_2,1483246813187635.51,Gx.1483246813187686,2017/01/01 00:00:13.187635,FAIR_USAGE_POLICY,B25,NONE,0206913787258704,REG,0179118678,REG_PLAN_X,EMAIL,0206913787258704@reg-example.com,381681664,36.400,
PROCESS_1,COMPONENT_3,1483246808929849.33,Gx.1483246808929882,2017/01/01 00:00:08.929849,FAIR_USAGE_POLICY,B25,REGG_157,0116048092994364,REG,3114810454,REG_PLAN_1,EMAIL,0116048092994364@reg-example.com,30408704,2.900,
PROCESS_1,COMPONENT_1,1483246803924567.82,Gx.1483246803924649,2017/01/01 00:00:03.924567,FAIR_USAGE_POLICY,B25,REGG_551,0090365103352733,REG,3461913337,REG_PLAN_1,SMS,3461913337,94371840,9.000,
PROCESS_1,COMPONENT_3,1483246809925965.58,Gx.1483246809926023,2017/01/01 00:00:09.925965,FAIR_USAGE_POLICY,B25,EMPG_266,0174685173412949,EMP,4013763836,BUS_PLAN_1,EMAIL,0174685173412949@emp-example.com,11534336,0.000,
PROCESS_1,COMPONENT_1,1483246807421772.94,Gx.1483246807421866,2017/01/01 00:00:07.421772,FAIR_USAGE_POLICY,B25,REGG_462,0104798578475530,REG,3910933327,REG_PLAN_2,SMS,3910933327,105906176,10.100,
PROCESS_1,COMPONENT_1,1483246813983632.36,Gx.1483246813983668,2017/01/01 00:00:13.983632,FAIR_USAGE_POLICY,B25,REGG_567,0278142893133064,REG,1121275799,REG_PLAN_1,SMS,1121275799,58720256,5.600,
PROCESS_2,COMPONENT_1,1483246811097723.63,Gx.1483246811097786,2017/01/01 00:00:11.097723,FAIR_USAGE_POLICY,B25,REGG_490,0148409486702301,REG,0030139427,REG_PLAN_1,EMAIL,0148409486702301@reg-example.com,8388608,0.800,
PROCESS_2,COMPONENT_3,1483246809782976.91,Gx.1483246809783067,2017/01/01 00:00:09.782976,FAIR_USAGE_POLICY,B25,REGG_570,0003861974722537,REG,0289001426,REG_PLAN_1,SMS,0289001426,99614720,9.500,
PROCESS_1,COMPONENT_2,1483246800656243.47,Gx.1483246800656290,2017/01/01 00:00:00.656243,FAIR_USAGE_POLICY,B25,REGG_409,0166088663158010,REG,0124228281,REG_PLAN_2,SMS,0124228281,446693376,42.600,
PROCESS_1,COMPONENT_2,1483246809173531.14,Gx.1483246809173545,2017/01/01 00:00:09.173531,FAIR_USAGE_POLICY,B25,BUSG_501,0127370485307043,BUS,0989338948,BUS_PLAN_1,EMAIL,0127370485307043@bus-example.com,69206016,6.600,
PROCESS_1,COMPONENT_1,1483246813324364.98,Gx.1483246813324462,2017/01/01 00:00:13.324364,FAIR_USAGE_POLICY,B25,REGG_650,0002928182026590,REG,3507274775,REG_PLAN_2,EMAIL,0002928182026590@reg-example.com,94371840,9.000,
PROCESS_1,COMPONENT_2,1483246801237249.03,Gx.1483246801237252,2017/01/01 00:00:01.237249,FAIR_USAGE_POLICY,B25,REGG_474,0154276498910635,REG,1904465760,REG_PLAN_1,EMAIL,0154276498910635@reg-example.com,76546048,7.300,
PROCESS_2,COMPONENT_1,1483246802570507.17,Gx.1483246802570524,2017/01/01 00:00:02.570507,FAIR_USAGE_POLICY,B25,REGG_291,0196098389507046,REG,1572090467,REG_PLAN_1,EMAIL,0196098389507046@reg-example.com,56623104,5.400,
PROCESS_1,COMPONENT_1,1483246805918565.33,Gx.1483246805918598,2017/01/01 00:00:05.918565,FAIR_USAGE_POLICY,B25,NONE,0153206217024527,REG,1562461602,REG_PLAN_X,EMAIL,0153206217024527@reg-example.com,268435456,25.600,
PROCESS_2,COMPONENT_4,1483246804571172.12,Gx.1483246804571184,2017/01/01 00:00:04.571172,FAIR_USAGE_POLICY,B25,REGG_166,0233894528478119,REG,4020788163,REG_PLAN_2,EMAIL,0233894528478119@reg-example.com,6291456,0.600,
PROCESS_2,COMPONENT_2,1483246805377282.77,Gx.1483246805377359,2017/01/01 00:00:05.377282,FAIR_USAGE_POLICY,B25,REGG_288,0084842073236193,REG,0746749249,REG_PLAN_1,EMAIL,0084842073236193@reg-example.com,47185920,4.500,
PROCESS_1,COMPONENT_1,1483246810832009.05,Gx.1483246810832014,2017/01/01 00:00:10.832009,FAIR_USAGE_POLICY,B25,REGG_498,0118042468613033,REG,3499842113,REG_PLAN_1,EMAIL,0118042468613033@reg-example.com,81788928,7.800,
PROCESS_1,COMPONENT_3,1483246810312393.69,Gx.1483246810312462,2017/01/01 00:00:10.312393,FAIR_USAGE_POLICY,B25,REGG_963,0001864934821438,REG,1110750027,REG_PLAN_X,SMS,1110750027,368050176,35.100,
PROCESS_2,COMPONENT_1,1483246806396326.97,Gx.1483246806396423,2017/01/01 00:00:06.396326,FAIR_USAGE_POLICY,B25,REGG_380,0117473397083618,REG,1086775287,REG_PLAN_1,EMAIL,0117473397083618@reg-example.com,13631488,1.300,
PROCESS_1,COMPONENT_1,1483246810552495.74,Gx.1483246810552569,2017/01/01 00:00:10.552495,FAIR_USAGE_POLICY,B25,VIPG_554,0085089543765897,VIP,3252013836,BUS_PLAN_1,SMS,3252013836,74448896,0.000,
PROCESS_1,COMPONENT_3,1483246806732802.48,Gx.1483246806732850,2017/01/01 00:00:06.732802,FAIR_USAGE_POLICY,B25,REGG_338,0044905061481424,REG,2023173955,REG_PLAN_2,SMS,2023173955,206569472,19.700,
PROCESS_1,COMPONENT_2,1483246802311055.44,Gx.1483246802311099,2017/01/01 00:00:02.311055,FAIR_USAGE_POLICY,B25,BUSG_258,0006873565529119,BUS,3608853520,BUS_PLAN_1,EMAIL,0006873565529119@bus-example.com,34603008,3.300,
PROCESS_2,COMPONENT_2,1483246801455692.55,Gx.1483246801455747,2017/01/01 00:00:01.455692,FAIR_USAGE_POLICY,B25,BUSG_454,0245528560606310,BUS,0307292222,BUS_PLAN_1,EMAIL,0245528560606310@bus-example.com,74448896,7.100,
PROCESS_1,COMPONENT_3,1483246803617448.90,Gx.1483246803617538,2017/01/01 00:00:03.617448,FAIR_USAGE_POLICY,B25,REGG_340,0133723877953418,REG,1830682436,REG_PLAN_1,EMAIL,0133723877953418@reg-example.com,90177536,8.600,
PROCESS_1,COMPONENT_3,1483246812465774.24,Gx.1483246812465798,2017/01/01 00:00:12.465774,FAIR_USAGE_POLICY,B25,VIPG_102,0082713022502832,VIP,1568651474,BUS_PLAN_1,EMAIL,0082713022502832@vip-example.com,59768832,0.000,
PROCESS_1,COMPONENT_1,1483246800959452.35,Gx.1483246800959487,2017/01/01 00:00:00.959452,FAIR_USAGE_POLICY,B25,REGG_481,0059924069984925,REG,3315664619,REG_PLAN_1,EMAIL,0059924069984925@reg-example.com,90177536,8.600,
PROCESS_1,COMPONENT_1,1483246805282336.43,Gx.1483246805282379,2017/01/01 00:00:05.282336,FAIR_USAGE_POLICY,B25,EMPG_329,0100078808440406,EMP,1242750420,BUS_PLAN_1,SMS,1242750420,87031808,0.000,
PROCESS_2,COMPONENT_3,1483246802356262.02,Gx.1483246802356264,2017/01/01 00:00:02.356262,FAIR_USAGE_POLICY,B25,EMPG_390,0120810236466176,EMP,1507951363,BUS_PLAN_X,EMAIL,0120810236466176@emp-example.com,314572800,0.000,
PROCESS_2,COMPONENT_1,1483246804930404.67,Gx.1483246804930471,2017/01/01 00:00:04.930404,FAIR_USAGE_POLICY,B25,REGG_304,0280735191524662,REG,3121810011,REG_PLAN_X,EMAIL,0280735191524662@reg-example.com,725614592,69.200,
PROCESS_1,COMPONENT_1,1483246805529875.51,Gx.1483246805529926,2017/01/01 00:00:05.529875,FAIR_USAGE_POLICY,B25,REGG_372,0006867722849957,REG,1848172953,REG_PLAN_1,EMAIL,0006867722849957@reg-example.com,42991616,4.100,
PROCESS_1,COMPONENT_1,1483246802103068.69,Gx.1483246802103137,2017/01/01 00:00:02.103068,FAIR_USAGE_POLICY,B25,REGG_636,0097819663711267,REG,2780417746,REG_PLAN_2,EMAIL,0097819663711267@reg-example.com,82837504,7.900,
PROCESS_2,COMPONENT_1,1483246806040391.28,Gx.1483246806040419,2017/01/01 00:00:06.040391,FAIR_USAGE_POLICY,B25,REGG_106,0139843678351567,REG,1629730159,REG_PLAN_1,EMAIL,0139843678351567@reg-example.com,80740352,7.700,
PROCESS_1,COMPONENT_3,1483246813257188.09,Gx.1483246813257197,2017/01/01 00:00:13.257188,FAIR_USAGE_POLICY,B25,REGG_139,0149035856270492,REG,2080067640,REG_PLAN_X,EMAIL,0149035856270492@reg-example.com,821035008,78.300,
PROCESS_1,COMPONENT_1,1483246800438461.26,Gx.1483246800438487,2017/01/01 00:00:00.438461,FAIR_USAGE_POLICY,B25,BUSG_564,0198331929584934,BUS,0549590278,BUS_PLAN_1,EMAIL,0198331929584934@bus-example.com,32505856,3.100,
PROCESS_1,COMPONENT_2,1483246813285293.57,Gx.1483246813285350,2017/01/01 00:00:13.285293,FAIR_USAGE_POLICY,B25,EMPG_580,0077031795567520,EMP,0144538353,BUS_PLAN_X,EMAIL,0077031795567520@emp-example.com,615514112,0.000,
PROCESS_1,COMPONENT_3,1483246802734915.92,Gx.1483246802735007,2017/01/01 00:00:02.734915,FAIR_USAGE_POLICY,B25,REGG_255,0158996683680909,REG,3539780255,REG_PLAN_1,EMAIL,0158996683680909@reg-example.com,55574528,5.300,
PROCESS_1,COMPONENT_2,1483246808142685.39,Gx.1483246808142724,2017/01/01 00:00:08.142685,FAIR_USAGE_POLICY,B25,NONE,0216564796396456,REG,2853780386,REG_PLAN_1,EMAIL,0216564796396456@reg-example.com,66060288,6.300,
PROCESS_1,COMPONENT_3,1483246800711195.38,Gx.1483246800711233,2017/01/01 00:00:00.711195,FAIR_USAGE_POLICY,B25,NONE,0124542732253620,REG,1208779104,REG_PLAN_X,EMAIL,0124542732253620@reg-example.com,433061888,41.300,
PROCESS_1,COMPONENT_2,1483246806065848.80,Gx.1483246806065928,2017/01/01 00:00:06.065848,FAIR_USAGE_POLICY,B25,REGG_300,0144421141389076,REG,4123885453,REG_PLAN_1,EMAIL,0144421141389076@reg-example.com,71303168,6.800,
PROCESS_1,COMPONENT_1,1483246805353958.32,Gx.1483246805353990,2017/01/01 00:00:05.353958,FAIR_USAGE_POLICY,B25,REGG_223,0278256247062007,REG,1273189014,REG_PLAN_1,SMS,1273189014,48234496,4.600,
PROCESS_2,COMPONENT_3,1483246805717163.13,Gx.1483246805717176,2017/01/01 00:00:05.717163,FAIR_USAGE_POLICY,B25,REGG_574,0078112601110595,REG,1421604004,REG_PLAN_1,EMAIL,0078112601110595@reg-example.com,8388608,0.800,
PROCESS_1,COMPONENT_1,1483246803055671.32,Gx.1483246803055703,2017/01/01 00:00:03.055671,FAIR_USAGE_POLICY,B25,BUSG_349,0120108551933991,BUS,2707157863,BUS_PLAN_1,EMAIL,0120108551933991@bus-example.com,101711872,9.700,
PROCESS_1,COMPONENT_1,1483246813387256.50,Gx.1483246813387306,2017/01/01 00:00:13.387256,FAIR_USAGE_POLICY,B25,REGG_305,0253409027889546,REG,3890685824,REG_PLAN_2,EMAIL,0253409027889546@reg-example.com,395313152,37.700,
PROCESS_2,COMPONENT_1,1483246808198828.44,Gx.1483246808198872,2017/01/01 00:00:08.198828,FAIR_USAGE_POLICY,B25,BUSG_549,0210705582313598,BUS,0944378334,BUS_PLAN_1,EMAIL,0210705582313598@bus-example.com,31457280,3.000,
PROCESS_1,COMPONENT_2,1483246807027888.21,Gx.1483246807027909,2017/01/01 00:00:07.027888,FAIR_USAGE_POLICY,B25,BUSG_538,0250334811699817,BUS,0570432297,BUS_PLAN_X,EMAIL,0250334811699817@bus-example.com,263192576,25.100,
PROCESS_1,COMPONENT_5,1483246805557211.59,Gx.1483246805557270,2017/01/01 00:00:05.557211,FAIR_USAGE_POLICY,B25,REGG_502,0073055091843144,REG,3552185239,REG_PLAN_1,EMAIL,0073055091843144@reg-example.com,58720256,5.600,
PROCESS_2,COMPONENT_2,1483246809545204.83,Gx.1483246809545287,2017/01/01 00:00:09.545204,FAIR_USAGE_POLICY,B25,REGG_118,0252382554091259,REG,2864144465,REG_PLAN_1,EMAIL,0252382554091259@reg-example.com,87031808,8.300,
PROCESS_1,COMPONENT_1,1483246800211453.92,Gx.1483246800211545,2017/01/01 00:00:00.211453,FAIR_USAGE_POLICY,B25,REGG_506,0028611721051773,REG,2654240981,REG_PLAN_1,EMAIL,0028611721051773@reg-example.com,83886080,8.000,
PROCESS_1,COMPONENT_2,1483246806812262.05,Gx.1483246806812267,2017/01/01 00:00:06.812262,FAIR_USAGE_POLICY,B25,EMPG_388,0264209599700436,EMP,2098075516,BUS_PLAN_1,EMAIL,0264209599700436@emp-example.com,31457280,0.000,
PROCESS_1,COMPONENT_4,1483246805113082.93,Gx.1483246805113175,2017/01/01 00:00:05.113082,FAIR_USAGE_POLICY,B25,EMPG_280,0144793556232240,EMP,2476518283,BUS_PLAN_1,EMAIL,0144793556232240@emp-example.com,70254592,0.000,
